instance,method,category,seed,cost,reference_cost,gap_percent,routes,vehicle_count,is_valid,missing_customers_count,duplicated_customers_count,capacity_violations_count,train_time_sec,inference_time_sec,postprocess_time_sec,total_time_sec,episodes,notes,source_file,rank_by_cost
A-n32-k5,Nearest Neighbor CVRP,heuristic_baseline,,1145.0,784.0,46.045918367346935,5,5,True,0,0,0,0.0,0.0006518999580293,0.0,0.0006518999580293,,Heuristique constructive simple du plus proche voisin.,results\heuristics\experiments_heuristics.csv,9.0
A-n32-k5,Nearest Neighbor + 2-opt,heuristic_local_search,,1145.0,784.0,46.045918367346935,5,5,True,0,0,0,0.0,0.0006518999580293,0.00054189999355,0.0011937999515794,,Nearest Neighbor amélioré par 2-opt intra-route.,results\heuristics\experiments_heuristics.csv,9.0
A-n32-k5,Clarke & Wright Savings,heuristic_constructive,,842.0,784.0,7.397959183673469,5,5,True,0,0,0,0.0,0.0028611000161617,0.0,0.0028611000161617,,Heuristique constructive classique basée sur les économies.,results\heuristics\experiments_heuristics.csv,2.0
A-n32-k5,Clarke & Wright + 2-opt,heuristic_local_search,,829.0,784.0,5.739795918367348,5,5,True,0,0,0,0.0,0.0028611000161617,0.0009109000093303,0.0037720000254921,,Clarke & Wright amélioré par 2-opt intra-route.,results\heuristics\experiments_heuristics.csv,1.0
A-n37-k5,Nearest Neighbor CVRP,heuristic_baseline,,948.0,,,5,5,True,0,0,0,0.0,0.0007987000280991,0.0,0.0007987000280991,,Heuristique constructive simple du plus proche voisin.,results\heuristics\experiments_heuristics.csv,7.0
A-n37-k5,Nearest Neighbor + 2-opt,heuristic_local_search,,927.0,,,5,5,True,0,0,0,0.0,0.0007987000280991,0.0020760999759659,0.002874800004065,,Nearest Neighbor amélioré par 2-opt intra-route.,results\heuristics\experiments_heuristics.csv,6.0
A-n37-k5,Clarke & Wright Savings,heuristic_constructive,,705.0,,,5,5,True,0,0,0,0.0,0.0045816999627277,0.0,0.0045816999627277,,Heuristique constructive classique basée sur les économies.,results\heuristics\experiments_heuristics.csv,2.0
A-n37-k5,Clarke & Wright + 2-opt,heuristic_local_search,,693.0,,,5,5,True,0,0,0,0.0,0.0045816999627277,0.001253499998711,0.0058351999614387,,Clarke & Wright amélioré par 2-opt intra-route.,results\heuristics\experiments_heuristics.csv,1.0
A-n39-k6,Nearest Neighbor CVRP,heuristic_baseline,,1145.0,831.0,37.785800240673886,6,6,True,0,0,0,0.0,0.0004167999722994,0.0,0.0004167999722994,,Heuristique constructive simple du plus proche voisin.,results\heuristics\experiments_heuristics.csv,8.0
A-n39-k6,Nearest Neighbor + 2-opt,heuristic_local_search,,1138.0,831.0,36.94344163658243,6,6,True,0,0,0,0.0,0.0004167999722994,0.0011034000199288,0.0015201999922282,,Nearest Neighbor amélioré par 2-opt intra-route.,results\heuristics\experiments_heuristics.csv,7.0
A-n39-k6,Clarke & Wright Savings,heuristic_constructive,,857.0,831.0,3.128760529482552,6,6,True,0,0,0,0.0,0.0037775000091642,0.0,0.0037775000091642,,Heuristique constructive classique basée sur les économies.,results\heuristics\experiments_heuristics.csv,2.0
A-n39-k6,Clarke & Wright + 2-opt,heuristic_local_search,,855.0,831.0,2.888086642599278,6,6,True,0,0,0,0.0,0.0037775000091642,0.0009730999590829,0.0047505999682471,,Clarke & Wright amélioré par 2-opt intra-route.,results\heuristics\experiments_heuristics.csv,1.0
A-n80-k10,Nearest Neighbor CVRP,heuristic_baseline,,2348.0,,,10,10,True,0,0,0,0.0,0.0037578999763354,0.0,0.0037578999763354,,Heuristique constructive simple du plus proche voisin.,results\heuristics\experiments_heuristics.csv,4.0
A-n80-k10,Nearest Neighbor + 2-opt,heuristic_local_search,,2341.0,,,10,10,True,0,0,0,0.0,0.0037578999763354,0.0033221999765373,0.0070800999528728,,Nearest Neighbor amélioré par 2-opt intra-route.,results\heuristics\experiments_heuristics.csv,3.0
A-n80-k10,Clarke & Wright Savings,heuristic_constructive,,1840.0,,,10,10,True,0,0,0,0.0,0.0266623999923467,0.0,0.0266623999923467,,Heuristique constructive classique basée sur les économies.,results\heuristics\experiments_heuristics.csv,2.0
A-n80-k10,Clarke & Wright + 2-opt,heuristic_local_search,,1838.0,,,10,10,True,0,0,0,0.0,0.0266623999923467,0.0020345000084489,0.0286969000007957,,Clarke & Wright amélioré par 2-opt intra-route.,results\heuristics\experiments_heuristics.csv,1.0
B-n57-k7,Nearest Neighbor CVRP,heuristic_baseline,,1866.0,,,8,7,False,0,0,0,0.0,0.0016208000015467,0.0,0.0016208000015467,,Heuristique constructive simple du plus proche voisin.,results\heuristics\experiments_heuristics.csv,4.0
B-n57-k7,Nearest Neighbor + 2-opt,heuristic_local_search,,1788.0,,,8,7,False,0,0,0,0.0,0.0016208000015467,0.0035264000180177,0.0051472000195644,,Nearest Neighbor amélioré par 2-opt intra-route.,results\heuristics\experiments_heuristics.csv,3.0
B-n57-k7,Clarke & Wright Savings,heuristic_constructive,,1242.0,,,8,7,False,0,0,0,0.0,0.0153314000344835,0.0,0.0153314000344835,,Heuristique constructive classique basée sur les économies.,results\heuristics\experiments_heuristics.csv,2.0
B-n57-k7,Clarke & Wright + 2-opt,heuristic_local_search,,1241.0,,,8,7,False,0,0,0,0.0,0.0153314000344835,0.0014329000259749,0.0167643000604584,,Clarke & Wright amélioré par 2-opt intra-route.,results\heuristics\experiments_heuristics.csv,1.0
X-n101-k25,Nearest Neighbor CVRP,heuristic_baseline,,41944.0,,,26,25,False,0,0,0,0.0,0.0026331000262871,0.0,0.0026331000262871,,Heuristique constructive simple du plus proche voisin.,results\heuristics\experiments_heuristics.csv,4.0
X-n101-k25,Nearest Neighbor + 2-opt,heuristic_local_search,,41536.0,,,26,25,False,0,0,0,0.0,0.0026331000262871,0.0009077000431716,0.0035408000694587,,Nearest Neighbor amélioré par 2-opt intra-route.,results\heuristics\experiments_heuristics.csv,3.0
X-n101-k25,Clarke & Wright Savings,heuristic_constructive,,28986.0,,,28,25,False,0,0,0,0.0,0.0554456000099889,0.0,0.0554456000099889,,Heuristique constructive classique basée sur les économies.,results\heuristics\experiments_heuristics.csv,2.0
X-n101-k25,Clarke & Wright + 2-opt,heuristic_local_search,,28936.0,,,28,25,False,0,0,0,0.0,0.0554456000099889,0.001157000020612,0.056602600030601,,Clarke & Wright amélioré par 2-opt intra-route.,results\heuristics\experiments_heuristics.csv,1.0
A-n32-k5,Q-learning RL,rl_baseline,42.0,1344.0,784.0,71.42857142857143,5,5,True,0,0,0,5.995401500025764,0.0056989999720826,0.0,6.001100499997847,1000.0,"Baseline RL tabulaire avec état discret (noeud courant, capacité restante, clients visités, routes utilisées).",results\q_learning\experiments_q_learning.csv,10.0
A-n32-k5,Q-learning RL,rl_baseline,43.0,1310.0,784.0,67.09183673469387,5,5,True,0,0,0,7.325540999998338,0.0048656999715603,0.0,7.330406699969899,1000.0,"Baseline RL tabulaire avec état discret (noeud courant, capacité restante, clients visités, routes utilisées).",results\q_learning\experiments_q_learning.csv,10.0
A-n32-k5,Q-learning RL,rl_baseline,44.0,1096.0,784.0,39.795918367346935,5,5,True,0,0,0,5.478784199978691,0.0066488999873399,0.0,5.485433099966031,1000.0,"Baseline RL tabulaire avec état discret (noeud courant, capacité restante, clients visités, routes utilisées).",results\q_learning\experiments_q_learning.csv,10.0
A-n32-k5,Q-learning RL,rl_baseline,45.0,1237.0,784.0,57.78061224489795,5,5,True,0,0,0,6.640099599957466,0.0064524000044912,0.0,6.646551999961957,1000.0,"Baseline RL tabulaire avec état discret (noeud courant, capacité restante, clients visités, routes utilisées).",results\q_learning\experiments_q_learning.csv,10.0
A-n32-k5,Q-learning RL,rl_baseline,46.0,1220.0,784.0,55.61224489795919,5,5,True,0,0,0,5.561829600017518,0.0051455000066198,0.0,5.566975100024138,1000.0,"Baseline RL tabulaire avec état discret (noeud courant, capacité restante, clients visités, routes utilisées).",results\q_learning\experiments_q_learning.csv,10.0
A-n37-k5,Q-learning RL,rl_baseline,42.0,1025.0,669.0,53.21375186846039,5,5,True,0,0,0,6.191258800041396,0.0044609999749809,0.0,6.195719800016377,1000.0,"Baseline RL tabulaire avec état discret (noeud courant, capacité restante, clients visités, routes utilisées).",results\q_learning\experiments_q_learning.csv,8.0
A-n37-k5,Q-learning RL,rl_baseline,43.0,1022.0,669.0,52.76532137518684,5,5,True,0,0,0,6.210726999968756,0.0069703999906778,0.0,6.217697399959434,1000.0,"Baseline RL tabulaire avec état discret (noeud courant, capacité restante, clients visités, routes utilisées).",results\q_learning\experiments_q_learning.csv,8.0
A-n37-k5,Q-learning RL,rl_baseline,44.0,1104.0,669.0,65.02242152466367,5,5,True,0,0,0,16.30138820002321,0.023171100008767,0.0,16.32455930003198,1000.0,"Baseline RL tabulaire avec état discret (noeud courant, capacité restante, clients visités, routes utilisées).",results\q_learning\experiments_q_learning.csv,8.0
A-n37-k5,Q-learning RL,rl_baseline,45.0,999.0,669.0,49.327354260089685,5,5,True,0,0,0,21.651798099977896,0.0106341000064276,0.0,21.662432199984323,1000.0,"Baseline RL tabulaire avec état discret (noeud courant, capacité restante, clients visités, routes utilisées).",results\q_learning\experiments_q_learning.csv,8.0
A-n37-k5,Q-learning RL,rl_baseline,46.0,946.0,669.0,41.4050822122571,5,5,False,1,0,0,19.97393830004148,0.0237772000255063,0.0,19.997715500066988,1000.0,"Baseline RL tabulaire avec état discret (noeud courant, capacité restante, clients visités, routes utilisées).",results\q_learning\experiments_q_learning.csv,8.0
A-n39-k6,Q-learning RL,rl_baseline,42.0,1256.0,831.0,51.143200962695545,6,6,True,0,0,0,13.236137499974577,0.0063005000120028,0.0,13.242437999986578,1000.0,"Baseline RL tabulaire avec état discret (noeud courant, capacité restante, clients visités, routes utilisées).",results\q_learning\experiments_q_learning.csv,5.0
A-n39-k6,Q-learning RL,rl_baseline,43.0,1077.0,831.0,29.6028880866426,6,6,True,0,0,0,10.173038900014944,0.005065299978014,0.0,10.178104199992958,1000.0,"Baseline RL tabulaire avec état discret (noeud courant, capacité restante, clients visités, routes utilisées).",results\q_learning\experiments_q_learning.csv,5.0
A-n39-k6,Q-learning RL,rl_baseline,44.0,1110.0,831.0,33.57400722021661,6,6,False,1,0,0,10.37268250004854,0.0052428000490181,0.0,10.37792530009756,1000.0,"Baseline RL tabulaire avec état discret (noeud courant, capacité restante, clients visités, routes utilisées).",results\q_learning\experiments_q_learning.csv,5.0
A-n39-k6,Q-learning RL,rl_baseline,45.0,1068.0,831.0,28.51985559566787,6,6,False,1,0,0,8.523849899997003,0.0062222999986261,0.0,8.53007219999563,1000.0,"Baseline RL tabulaire avec état discret (noeud courant, capacité restante, clients visités, routes utilisées).",results\q_learning\experiments_q_learning.csv,5.0
A-n39-k6,Q-learning RL,rl_baseline,46.0,1075.0,831.0,29.36221419975932,6,6,False,1,0,0,7.885373199998867,0.0055236999760381,0.0,7.890896899974905,1000.0,"Baseline RL tabulaire avec état discret (noeud courant, capacité restante, clients visités, routes utilisées).",results\q_learning\experiments_q_learning.csv,5.0
A-n32-k5,POMO-style multi-greedy,rl_main,42.0,1093.0,784.0,39.41326530612245,5,5,True,0,0,0,720.1074171999935,0.3879940999904647,0.0,720.495411299984,500.0,POMO-style Active Search évalué en multi-greedy.,results\pomo\experiments_pomo.csv,8.0
A-n32-k5,POMO-style multi-greedy + 2-opt,rl_main_local_search,42.0,916.0,784.0,16.83673469387755,5,5,True,0,0,0,720.1074171999935,0.3879940999904647,0.0017471999744884,720.4971584999585,500.0,POMO-style multi-greedy amélioré par 2-opt intra-route.,results\pomo\experiments_pomo.csv,3.0
A-n32-k5,POMO-style sampled eval,rl_main,42.0,1096.0,784.0,39.795918367346935,5,5,True,0,0,0,720.1074171999935,8.24664580001263,0.0,728.3540630000061,500.0,POMO-style Active Search évalué par sampling (128 rollouts).,results\pomo\experiments_pomo.csv,7.0
A-n32-k5,POMO-style sampled eval + 2-opt,rl_main_local_search,42.0,930.0,784.0,18.62244897959184,5,5,True,0,0,0,720.1074171999935,8.24664580001263,0.0022319999989122,728.356295000005,500.0,POMO-style sampled eval amélioré par 2-opt intra-route.,results\pomo\experiments_pomo.csv,4.0
A-n32-k5,POMO-style best sampled,rl_main,42.0,1050.0,784.0,33.92857142857143,5,5,True,0,0,0,720.1074171999935,0.0,0.0,720.1074171999935,500.0,Meilleure solution valide rencontrée pendant l'active search.,results\pomo\experiments_pomo.csv,6.0
A-n32-k5,POMO-style best sampled + 2-opt,rl_main_local_search,42.0,931.0,784.0,18.75,5,5,True,0,0,0,720.1074171999935,0.0,0.0017245000344701,720.109141700028,500.0,Meilleure solution active search améliorée par 2-opt intra-route.,results\pomo\experiments_pomo.csv,5.0
A-n32-k5,POMO-style multi-greedy,rl_main,43.0,1080.0,784.0,37.755102040816325,5,5,True,0,0,0,724.4964986999985,0.4163169999956153,0.0,724.9128156999941,500.0,POMO-style Active Search évalué en multi-greedy.,results\pomo\experiments_pomo.csv,8.0
A-n32-k5,POMO-style multi-greedy + 2-opt,rl_main_local_search,43.0,928.0,784.0,18.367346938775512,5,5,True,0,0,0,724.4964986999985,0.4163169999956153,0.0015452000079676,724.9143609000021,500.0,POMO-style multi-greedy amélioré par 2-opt intra-route.,results\pomo\experiments_pomo.csv,3.0
A-n32-k5,POMO-style sampled eval,rl_main,43.0,1056.0,784.0,34.69387755102041,5,5,True,0,0,0,724.4964986999985,7.691509600030258,0.0,732.1880083000287,500.0,POMO-style Active Search évalué par sampling (128 rollouts).,results\pomo\experiments_pomo.csv,7.0
A-n32-k5,POMO-style sampled eval + 2-opt,rl_main_local_search,43.0,969.0,784.0,23.596938775510203,5,5,True,0,0,0,724.4964986999985,7.691509600030258,0.0012935999548062,732.1893018999835,500.0,POMO-style sampled eval amélioré par 2-opt intra-route.,results\pomo\experiments_pomo.csv,4.0
A-n32-k5,POMO-style best sampled,rl_main,43.0,1034.0,784.0,31.887755102040817,5,5,True,0,0,0,724.4964986999985,0.0,0.0,724.4964986999985,500.0,Meilleure solution valide rencontrée pendant l'active search.,results\pomo\experiments_pomo.csv,6.0
A-n32-k5,POMO-style best sampled + 2-opt,rl_main_local_search,43.0,937.0,784.0,19.51530612244898,5,5,True,0,0,0,724.4964986999985,0.0,0.0025724000297486,724.4990711000282,500.0,Meilleure solution active search améliorée par 2-opt intra-route.,results\pomo\experiments_pomo.csv,5.0
A-n32-k5,POMO-style multi-greedy,rl_main,44.0,1116.0,784.0,42.3469387755102,5,5,True,0,0,0,731.443948500033,0.4263263000175357,0.0,731.8702748000505,500.0,POMO-style Active Search évalué en multi-greedy.,results\pomo\experiments_pomo.csv,8.0
A-n32-k5,POMO-style multi-greedy + 2-opt,rl_main_local_search,44.0,916.0,784.0,16.83673469387755,5,5,True,0,0,0,731.443948500033,0.4263263000175357,0.0018907000194303,731.87216550007,500.0,POMO-style multi-greedy amélioré par 2-opt intra-route.,results\pomo\experiments_pomo.csv,3.0
A-n32-k5,POMO-style sampled eval,rl_main,44.0,1113.0,784.0,41.96428571428572,5,5,True,0,0,0,731.443948500033,7.317693400022108,0.0,738.7616419000551,500.0,POMO-style Active Search évalué par sampling (128 rollouts).,results\pomo\experiments_pomo.csv,7.0
A-n32-k5,POMO-style sampled eval + 2-opt,rl_main_local_search,44.0,963.0,784.0,22.831632653061224,5,5,True,0,0,0,731.443948500033,7.317693400022108,0.0031524000223726,738.7647943000775,500.0,POMO-style sampled eval amélioré par 2-opt intra-route.,results\pomo\experiments_pomo.csv,4.0
A-n32-k5,POMO-style best sampled,rl_main,44.0,1052.0,784.0,34.18367346938776,5,5,True,0,0,0,731.443948500033,0.0,0.0,731.443948500033,500.0,Meilleure solution valide rencontrée pendant l'active search.,results\pomo\experiments_pomo.csv,6.0
A-n32-k5,POMO-style best sampled + 2-opt,rl_main_local_search,44.0,1015.0,784.0,29.464285714285715,5,5,True,0,0,0,731.443948500033,0.0,0.0043146000243723,731.4482631000574,500.0,Meilleure solution active search améliorée par 2-opt intra-route.,results\pomo\experiments_pomo.csv,5.0
A-n32-k5,POMO-style multi-greedy,rl_main,45.0,956.0,784.0,21.93877551020408,5,5,True,0,0,0,725.67198069999,0.3932620999985374,0.0,726.0652427999885,500.0,POMO-style Active Search évalué en multi-greedy.,results\pomo\experiments_pomo.csv,8.0
A-n32-k5,POMO-style multi-greedy + 2-opt,rl_main_local_search,45.0,955.0,784.0,21.81122448979592,5,5,True,0,0,0,725.67198069999,0.3932620999985374,0.0011534999939613,726.0663962999824,500.0,POMO-style multi-greedy amélioré par 2-opt intra-route.,results\pomo\experiments_pomo.csv,3.0
A-n32-k5,POMO-style sampled eval,rl_main,45.0,963.0,784.0,22.831632653061224,5,5,True,0,0,0,725.67198069999,7.633598699991126,0.0,733.3055793999811,500.0,POMO-style Active Search évalué par sampling (128 rollouts).,results\pomo\experiments_pomo.csv,7.0
A-n32-k5,POMO-style sampled eval + 2-opt,rl_main_local_search,45.0,942.0,784.0,20.1530612244898,5,5,True,0,0,0,725.67198069999,7.633598699991126,0.0009474999969825,733.306526899978,500.0,POMO-style sampled eval amélioré par 2-opt intra-route.,results\pomo\experiments_pomo.csv,4.0
A-n32-k5,POMO-style best sampled,rl_main,45.0,959.0,784.0,22.321428571428573,5,5,True,0,0,0,725.67198069999,0.0,0.0,725.67198069999,500.0,Meilleure solution valide rencontrée pendant l'active search.,results\pomo\experiments_pomo.csv,6.0
A-n32-k5,POMO-style best sampled + 2-opt,rl_main_local_search,45.0,912.0,784.0,16.3265306122449,5,5,True,0,0,0,725.67198069999,0.0,0.0021530999802052,725.6741337999701,500.0,Meilleure solution active search améliorée par 2-opt intra-route.,results\pomo\experiments_pomo.csv,5.0
A-n32-k5,POMO-style multi-greedy,rl_main,46.0,1087.0,784.0,38.64795918367347,5,5,True,0,0,0,726.4998952000169,0.3803456000168808,0.0,726.8802408000338,500.0,POMO-style Active Search évalué en multi-greedy.,results\pomo\experiments_pomo.csv,8.0
A-n32-k5,POMO-style multi-greedy + 2-opt,rl_main_local_search,46.0,925.0,784.0,17.98469387755102,5,5,True,0,0,0,726.4998952000169,0.3803456000168808,0.0014153999509289,726.8816561999847,500.0,POMO-style multi-greedy amélioré par 2-opt intra-route.,results\pomo\experiments_pomo.csv,3.0
A-n32-k5,POMO-style sampled eval,rl_main,46.0,1062.0,784.0,35.45918367346938,5,5,True,0,0,0,726.4998952000169,7.388620699988678,0.0,733.8885159000056,500.0,POMO-style Active Search évalué par sampling (128 rollouts).,results\pomo\experiments_pomo.csv,7.0
A-n32-k5,POMO-style sampled eval + 2-opt,rl_main_local_search,46.0,928.0,784.0,18.367346938775512,5,5,True,0,0,0,726.4998952000169,7.388620699988678,0.0019788000499829,733.8904947000556,500.0,POMO-style sampled eval amélioré par 2-opt intra-route.,results\pomo\experiments_pomo.csv,4.0
A-n32-k5,POMO-style best sampled,rl_main,46.0,1037.0,784.0,32.27040816326531,5,5,True,0,0,0,726.4998952000169,0.0,0.0,726.4998952000169,500.0,Meilleure solution valide rencontrée pendant l'active search.,results\pomo\experiments_pomo.csv,6.0
A-n32-k5,POMO-style best sampled + 2-opt,rl_main_local_search,46.0,976.0,784.0,24.489795918367346,5,5,True,0,0,0,726.4998952000169,0.0,0.0014844000106677,726.5013796000276,500.0,Meilleure solution active search améliorée par 2-opt intra-route.,results\pomo\experiments_pomo.csv,5.0
A-n37-k5,POMO-style multi-greedy,rl_main,42.0,1036.0,669.0,54.85799701046338,5,5,True,0,0,0,834.6274455999956,0.4609441999928094,0.0,835.0883897999884,500.0,POMO-style Active Search évalué en multi-greedy.,results\pomo\experiments_pomo.csv,11.0
A-n37-k5,POMO-style multi-greedy + 2-opt,rl_main_local_search,42.0,907.0,669.0,35.57548579970104,5,5,True,0,0,0,834.6274455999956,0.4609441999928094,0.0029053000034764,835.0912950999918,500.0,POMO-style multi-greedy amélioré par 2-opt intra-route.,results\pomo\experiments_pomo.csv,5.0
A-n37-k5,POMO-style sampled eval,rl_main,42.0,1041.0,669.0,55.60538116591929,5,5,True,0,0,0,834.6274455999956,8.712739499984309,0.0,843.3401850999799,500.0,POMO-style Active Search évalué par sampling (128 rollouts).,results\pomo\experiments_pomo.csv,10.0
A-n37-k5,POMO-style sampled eval + 2-opt,rl_main_local_search,42.0,880.0,669.0,31.53961136023916,5,5,True,0,0,0,834.6274455999956,8.712739499984309,0.0031275000073947,843.3433125999873,500.0,POMO-style sampled eval amélioré par 2-opt intra-route.,results\pomo\experiments_pomo.csv,4.0
A-n37-k5,POMO-style best sampled,rl_main,42.0,1013.0,669.0,51.42002989536621,5,5,True,0,0,0,834.6274455999956,0.0,0.0,834.6274455999956,500.0,Meilleure solution valide rencontrée pendant l'active search.,results\pomo\experiments_pomo.csv,9.0
A-n37-k5,POMO-style best sampled + 2-opt,rl_main_local_search,42.0,866.0,669.0,29.446935724962632,5,5,True,0,0,0,834.6274455999956,0.0,0.0145672000362537,834.6420128000318,500.0,Meilleure solution active search améliorée par 2-opt intra-route.,results\pomo\experiments_pomo.csv,3.0
A-n37-k5,POMO-style multi-greedy,rl_main,43.0,1104.0,669.0,65.02242152466367,5,5,True,0,0,0,822.8485243999748,0.4679577999631874,0.0,823.316482199938,500.0,POMO-style Active Search évalué en multi-greedy.,results\pomo\experiments_pomo.csv,11.0
A-n37-k5,POMO-style multi-greedy + 2-opt,rl_main_local_search,43.0,957.0,669.0,43.04932735426009,5,5,True,0,0,0,822.8485243999748,0.4679577999631874,0.0028715000371448,823.3193536999752,500.0,POMO-style multi-greedy amélioré par 2-opt intra-route.,results\pomo\experiments_pomo.csv,5.0
A-n37-k5,POMO-style sampled eval,rl_main,43.0,1084.0,669.0,62.03288490284006,5,5,True,0,0,0,822.8485243999748,8.858979500015266,0.0,831.7075038999901,500.0,POMO-style Active Search évalué par sampling (128 rollouts).,results\pomo\experiments_pomo.csv,10.0
A-n37-k5,POMO-style sampled eval + 2-opt,rl_main_local_search,43.0,832.0,669.0,24.364723467862483,5,5,True,0,0,0,822.8485243999748,8.858979500015266,0.0029360000044107,831.7104398999945,500.0,POMO-style sampled eval amélioré par 2-opt intra-route.,results\pomo\experiments_pomo.csv,4.0
A-n37-k5,POMO-style best sampled,rl_main,43.0,1076.0,669.0,60.83707025411061,5,5,True,0,0,0,822.8485243999748,0.0,0.0,822.8485243999748,500.0,Meilleure solution valide rencontrée pendant l'active search.,results\pomo\experiments_pomo.csv,9.0
A-n37-k5,POMO-style best sampled + 2-opt,rl_main_local_search,43.0,899.0,669.0,34.3796711509716,5,5,True,0,0,0,822.8485243999748,0.0,0.0187995000160299,822.8673238999909,500.0,Meilleure solution active search améliorée par 2-opt intra-route.,results\pomo\experiments_pomo.csv,3.0
A-n37-k5,POMO-style multi-greedy,rl_main,44.0,1160.0,669.0,73.39312406576981,5,5,True,0,0,0,839.7447960000136,0.4665819999645464,0.0,840.2113779999781,500.0,POMO-style Active Search évalué en multi-greedy.,results\pomo\experiments_pomo.csv,11.0
A-n37-k5,POMO-style multi-greedy + 2-opt,rl_main_local_search,44.0,935.0,669.0,39.76083707025411,5,5,True,0,0,0,839.7447960000136,0.4665819999645464,0.0023064999841153,840.2136844999623,500.0,POMO-style multi-greedy amélioré par 2-opt intra-route.,results\pomo\experiments_pomo.csv,5.0
A-n37-k5,POMO-style sampled eval,rl_main,44.0,1112.0,669.0,66.21823617339312,5,5,True,0,0,0,839.7447960000136,8.735499500005972,0.0,848.4802955000196,500.0,POMO-style Active Search évalué par sampling (128 rollouts).,results\pomo\experiments_pomo.csv,10.0
A-n37-k5,POMO-style sampled eval + 2-opt,rl_main_local_search,44.0,923.0,669.0,37.96711509715994,5,5,True,0,0,0,839.7447960000136,8.735499500005972,0.0032365000224672,848.483532000042,500.0,POMO-style sampled eval amélioré par 2-opt intra-route.,results\pomo\experiments_pomo.csv,4.0
A-n37-k5,POMO-style best sampled,rl_main,44.0,1063.0,669.0,58.893871449925264,5,5,True,0,0,0,839.7447960000136,0.0,0.0,839.7447960000136,500.0,Meilleure solution valide rencontrée pendant l'active search.,results\pomo\experiments_pomo.csv,9.0
A-n37-k5,POMO-style best sampled + 2-opt,rl_main_local_search,44.0,912.0,669.0,36.32286995515695,5,5,True,0,0,0,839.7447960000136,0.0,0.0154287000186741,839.7602247000323,500.0,Meilleure solution active search améliorée par 2-opt intra-route.,results\pomo\experiments_pomo.csv,3.0
A-n37-k5,POMO-style multi-greedy,rl_main,45.0,1252.0,669.0,87.14499252615845,5,5,True,0,0,0,830.3406381999957,0.4922454999759793,0.0,830.8328836999717,500.0,POMO-style Active Search évalué en multi-greedy.,results\pomo\experiments_pomo.csv,11.0
A-n37-k5,POMO-style multi-greedy + 2-opt,rl_main_local_search,45.0,825.0,669.0,23.31838565022421,5,5,True,0,0,0,830.3406381999957,0.4922454999759793,0.0037408000207506,830.8366244999925,500.0,POMO-style multi-greedy amélioré par 2-opt intra-route.,results\pomo\experiments_pomo.csv,5.0
A-n37-k5,POMO-style sampled eval,rl_main,45.0,1113.0,669.0,66.3677130044843,5,5,True,0,0,0,830.3406381999957,9.27118059998611,0.0,839.6118187999818,500.0,POMO-style Active Search évalué par sampling (128 rollouts).,results\pomo\experiments_pomo.csv,10.0
A-n37-k5,POMO-style sampled eval + 2-opt,rl_main_local_search,45.0,840.0,669.0,25.56053811659193,5,5,True,0,0,0,830.3406381999957,9.27118059998611,0.0052155000157654,839.6170342999976,500.0,POMO-style sampled eval amélioré par 2-opt intra-route.,results\pomo\experiments_pomo.csv,4.0
A-n37-k5,POMO-style best sampled,rl_main,45.0,1084.0,669.0,62.03288490284006,5,5,True,0,0,0,830.3406381999957,0.0,0.0,830.3406381999957,500.0,Meilleure solution valide rencontrée pendant l'active search.,results\pomo\experiments_pomo.csv,9.0
A-n37-k5,POMO-style best sampled + 2-opt,rl_main_local_search,45.0,823.0,669.0,23.01943198804185,5,5,True,0,0,0,830.3406381999957,0.0,0.0133320000022649,830.353970199998,500.0,Meilleure solution active search améliorée par 2-opt intra-route.,results\pomo\experiments_pomo.csv,3.0
A-n37-k5,POMO-style multi-greedy,rl_main,46.0,1134.0,669.0,69.50672645739911,5,5,True,0,0,0,840.8332776000025,0.4436409000190906,0.0,841.2769185000216,500.0,POMO-style Active Search évalué en multi-greedy.,results\pomo\experiments_pomo.csv,11.0
A-n37-k5,POMO-style multi-greedy + 2-opt,rl_main_local_search,46.0,914.0,669.0,36.62182361733931,5,5,True,0,0,0,840.8332776000025,0.4436409000190906,0.0040415000403299,841.2809600000619,500.0,POMO-style multi-greedy amélioré par 2-opt intra-route.,results\pomo\experiments_pomo.csv,5.0
A-n37-k5,POMO-style sampled eval,rl_main,46.0,1088.0,669.0,62.63079222720478,5,5,True,0,0,0,840.8332776000025,8.609034699969925,0.0,849.4423122999724,500.0,POMO-style Active Search évalué par sampling (128 rollouts).,results\pomo\experiments_pomo.csv,10.0
A-n37-k5,POMO-style sampled eval + 2-opt,rl_main_local_search,46.0,920.0,669.0,37.5186846038864,5,5,True,0,0,0,840.8332776000025,8.609034699969925,0.0023244000039994,849.4446366999764,500.0,POMO-style sampled eval amélioré par 2-opt intra-route.,results\pomo\experiments_pomo.csv,4.0
A-n37-k5,POMO-style best sampled,rl_main,46.0,1038.0,669.0,55.15695067264574,5,5,True,0,0,0,840.8332776000025,0.0,0.0,840.8332776000025,500.0,Meilleure solution valide rencontrée pendant l'active search.,results\pomo\experiments_pomo.csv,9.0
A-n37-k5,POMO-style best sampled + 2-opt,rl_main_local_search,46.0,869.0,669.0,29.895366218236173,5,5,True,0,0,0,840.8332776000025,0.0,0.0045468000462278,840.8378244000487,500.0,Meilleure solution active search améliorée par 2-opt intra-route.,results\pomo\experiments_pomo.csv,3.0
A-n39-k6,POMO-style multi-greedy,rl_main,42.0,1255.0,831.0,51.02286401925391,6,6,True,0,0,0,903.3919939000044,0.5017713999841362,0.0,903.8937652999884,500.0,POMO-style Active Search évalué en multi-greedy.,results\pomo\experiments_pomo.csv,11.0
A-n39-k6,POMO-style multi-greedy + 2-opt,rl_main_local_search,42.0,1068.0,831.0,28.51985559566787,6,6,True,0,0,0,903.3919939000044,0.5017713999841362,0.0014738999889232,903.8952391999774,500.0,POMO-style multi-greedy amélioré par 2-opt intra-route.,results\pomo\experiments_pomo.csv,6.0
A-n39-k6,POMO-style sampled eval,rl_main,42.0,1251.0,831.0,50.54151624548736,6,6,True,0,0,0,903.3919939000044,9.596620100026485,0.0,912.9886140000308,500.0,POMO-style Active Search évalué par sampling (128 rollouts).,results\pomo\experiments_pomo.csv,10.0
A-n39-k6,POMO-style sampled eval + 2-opt,rl_main_local_search,42.0,1106.0,831.0,33.092659446450064,6,6,True,0,0,0,903.3919939000044,9.596620100026485,0.0017492999904789,912.9903633000212,500.0,POMO-style sampled eval amélioré par 2-opt intra-route.,results\pomo\experiments_pomo.csv,4.0
A-n39-k6,POMO-style best sampled,rl_main,42.0,1250.0,831.0,50.42117930204573,6,6,True,0,0,0,903.3919939000044,0.0,0.0,903.3919939000044,500.0,Meilleure solution valide rencontrée pendant l'active search.,results\pomo\experiments_pomo.csv,9.0
A-n39-k6,POMO-style best sampled + 2-opt,rl_main_local_search,42.0,1070.0,831.0,28.760529482551146,6,6,True,0,0,0,903.3919939000044,0.0,0.0017422999953851,903.3937361999996,500.0,Meilleure solution active search améliorée par 2-opt intra-route.,results\pomo\experiments_pomo.csv,3.0
A-n39-k6,POMO-style multi-greedy,rl_main,43.0,1505.0,831.0,81.10709987966305,6,6,True,0,0,0,903.86875959998,0.5168547999928705,0.0,904.3856143999728,500.0,POMO-style Active Search évalué en multi-greedy.,results\pomo\experiments_pomo.csv,11.0
A-n39-k6,POMO-style multi-greedy + 2-opt,rl_main_local_search,43.0,1164.0,831.0,40.07220216606498,6,6,True,0,0,0,903.86875959998,0.5168547999928705,0.0016392999677918,904.3872536999406,500.0,POMO-style multi-greedy amélioré par 2-opt intra-route.,results\pomo\experiments_pomo.csv,6.0
A-n39-k6,POMO-style sampled eval,rl_main,43.0,1500.0,831.0,80.50541516245488,6,6,True,0,0,0,903.86875959998,9.62031189998379,0.0,913.4890714999638,500.0,POMO-style Active Search évalué par sampling (128 rollouts).,results\pomo\experiments_pomo.csv,10.0
A-n39-k6,POMO-style sampled eval + 2-opt,rl_main_local_search,43.0,1179.0,831.0,41.87725631768953,6,6,True,0,0,0,903.86875959998,9.62031189998379,0.00211300002411,913.491184499988,500.0,POMO-style sampled eval amélioré par 2-opt intra-route.,results\pomo\experiments_pomo.csv,4.0
A-n39-k6,POMO-style best sampled,rl_main,43.0,1372.0,831.0,65.1022864019254,6,6,True,0,0,0,903.86875959998,0.0,0.0,903.86875959998,500.0,Meilleure solution valide rencontrée pendant l'active search.,results\pomo\experiments_pomo.csv,9.0
A-n39-k6,POMO-style best sampled + 2-opt,rl_main_local_search,43.0,1093.0,831.0,31.528279181708783,6,6,True,0,0,0,903.86875959998,0.0,0.0044982000254094,903.8732578000054,500.0,Meilleure solution active search améliorée par 2-opt intra-route.,results\pomo\experiments_pomo.csv,3.0
A-n39-k6,POMO-style multi-greedy,rl_main,44.0,1348.0,831.0,62.214199759326114,6,6,True,0,0,0,933.042927100032,0.4810327999875881,0.0,933.5239599000196,500.0,POMO-style Active Search évalué en multi-greedy.,results\pomo\experiments_pomo.csv,11.0
A-n39-k6,POMO-style multi-greedy + 2-opt,rl_main_local_search,44.0,1213.0,831.0,45.96871239470517,6,6,True,0,0,0,933.042927100032,0.4810327999875881,0.0016433999990113,933.5256033000188,500.0,POMO-style multi-greedy amélioré par 2-opt intra-route.,results\pomo\experiments_pomo.csv,6.0
A-n39-k6,POMO-style sampled eval,rl_main,44.0,1332.0,831.0,60.28880866425993,6,6,True,0,0,0,933.042927100032,9.748530800046863,0.0,942.791457900079,500.0,POMO-style Active Search évalué par sampling (128 rollouts).,results\pomo\experiments_pomo.csv,10.0
A-n39-k6,POMO-style sampled eval + 2-opt,rl_main_local_search,44.0,1079.0,831.0,29.843561973525876,6,6,True,0,0,0,933.042927100032,9.748530800046863,0.0021768999868072,942.7936348000658,500.0,POMO-style sampled eval amélioré par 2-opt intra-route.,results\pomo\experiments_pomo.csv,4.0
A-n39-k6,POMO-style best sampled,rl_main,44.0,1265.0,831.0,52.22623345367028,6,6,True,0,0,0,933.042927100032,0.0,0.0,933.042927100032,500.0,Meilleure solution valide rencontrée pendant l'active search.,results\pomo\experiments_pomo.csv,9.0
A-n39-k6,POMO-style best sampled + 2-opt,rl_main_local_search,44.0,980.0,831.0,17.930204572803852,6,6,True,0,0,0,933.042927100032,0.0,0.0053335999837145,933.0482607000158,500.0,Meilleure solution active search améliorée par 2-opt intra-route.,results\pomo\experiments_pomo.csv,3.0
A-n39-k6,POMO-style multi-greedy,rl_main,45.0,1203.0,831.0,44.765342960288805,6,6,True,0,0,0,898.5808517000405,0.5189184999908321,0.0,899.0997702000313,500.0,POMO-style Active Search évalué en multi-greedy.,results\pomo\experiments_pomo.csv,11.0
A-n39-k6,POMO-style multi-greedy + 2-opt,rl_main_local_search,45.0,1042.0,831.0,25.39109506618532,6,6,True,0,0,0,898.5808517000405,0.5189184999908321,0.0019946999964304,899.1017649000278,500.0,POMO-style multi-greedy amélioré par 2-opt intra-route.,results\pomo\experiments_pomo.csv,6.0
A-n39-k6,POMO-style sampled eval,rl_main,45.0,1218.0,831.0,46.57039711191336,6,6,True,0,0,0,898.5808517000405,9.251894099987112,0.0,907.8327458000276,500.0,POMO-style Active Search évalué par sampling (128 rollouts).,results\pomo\experiments_pomo.csv,10.0
A-n39-k6,POMO-style sampled eval + 2-opt,rl_main_local_search,45.0,1067.0,831.0,28.399518652226234,6,6,True,0,0,0,898.5808517000405,9.251894099987112,0.0023159999982453,907.835061800026,500.0,POMO-style sampled eval amélioré par 2-opt intra-route.,results\pomo\experiments_pomo.csv,4.0
A-n39-k6,POMO-style best sampled,rl_main,45.0,1251.0,831.0,50.54151624548736,6,6,True,0,0,0,898.5808517000405,0.0,0.0,898.5808517000405,500.0,Meilleure solution valide rencontrée pendant l'active search.,results\pomo\experiments_pomo.csv,9.0
A-n39-k6,POMO-style best sampled + 2-opt,rl_main_local_search,45.0,1145.0,831.0,37.785800240673886,6,6,True,0,0,0,898.5808517000405,0.0,0.0068452999694272,898.5876970000099,500.0,Meilleure solution active search améliorée par 2-opt intra-route.,results\pomo\experiments_pomo.csv,3.0
A-n39-k6,POMO-style multi-greedy,rl_main,46.0,1239.0,831.0,49.09747292418773,6,6,True,0,0,0,918.99451270001,0.5087305000051856,0.0,919.5032432000152,500.0,POMO-style Active Search évalué en multi-greedy.,results\pomo\experiments_pomo.csv,11.0
A-n39-k6,POMO-style multi-greedy + 2-opt,rl_main_local_search,46.0,1107.0,831.0,33.2129963898917,6,6,True,0,0,0,918.99451270001,0.5087305000051856,0.0021300999796949,919.505373299995,500.0,POMO-style multi-greedy amélioré par 2-opt intra-route.,results\pomo\experiments_pomo.csv,6.0
A-n39-k6,POMO-style sampled eval,rl_main,46.0,1196.0,831.0,43.92298435619736,6,6,True,0,0,0,918.99451270001,10.082311199977994,0.0,929.076823899988,500.0,POMO-style Active Search évalué par sampling (128 rollouts).,results\pomo\experiments_pomo.csv,10.0
A-n39-k6,POMO-style sampled eval + 2-opt,rl_main_local_search,46.0,1035.0,831.0,24.548736462093864,6,6,True,0,0,0,918.99451270001,10.082311199977994,0.0027512999949976,929.0795751999832,500.0,POMO-style sampled eval amélioré par 2-opt intra-route.,results\pomo\experiments_pomo.csv,4.0
A-n39-k6,POMO-style best sampled,rl_main,46.0,1154.0,831.0,38.86883273164862,6,6,True,0,0,0,918.99451270001,0.0,0.0,918.99451270001,500.0,Meilleure solution valide rencontrée pendant l'active search.,results\pomo\experiments_pomo.csv,9.0
A-n39-k6,POMO-style best sampled + 2-opt,rl_main_local_search,46.0,1080.0,831.0,29.96389891696751,6,6,True,0,0,0,918.99451270001,0.0,0.0017096999799832,918.99622239999,500.0,Meilleure solution active search améliorée par 2-opt intra-route.,results\pomo\experiments_pomo.csv,3.0
